{
  "name": "Dark Cave and Red House",
  "version": "1.0.0",
  "rooms": [
    {
      "room_name": "Cave Entrance",
      "room_number": "1",
      "description": "A dark, damp cave entrance. The air is cold and you can hear distant growling.",
      "N": "2", "S": "0", "E": "0", "W": "0",
      "puzzle": null,
      "monster": null,
      "items": "Torch",
      "fixtures": "Stone Arch",
      "picture": null
    },
    {
      "room_name": "Tunnel of Shadows",
      "room_number": "2",
      "description": "A narrow, dark tunnel. The walls are marked with strange symbols.",
      "N": "-3", "S": "1", "E": "0", "W": "0",
      "puzzle": "Rune Lock",
      "monster": null,
      "items": "Knife",
      "fixtures": "Ancient Rune",
      "picture": null
    },
    {
      "room_name": "Dark Chamber",
      "room_number": "3",
      "description": "A spacious chamber filled with bones. A red light flickers from the north.",
      "N": "4", "S": "2", "E": "0", "W": "0",
      "puzzle": null,
      "monster": "CaveStalker",
      "items": null,
      "fixtures": "Bone Pile",
      "picture": null
    },
    {
      "room_name": "Red House",
      "room_number": "4",
      "description": "An eerie red house hidden inside the cave. The door is slightly ajar.",
      "N": "0", "S": "3", "E": "5", "W": "0",
      "puzzle": "Stone Door Puzzle",
      "monster": "BloodEagle",
      "items": "Ancient Key",
      "fixtures": "Rusted Door",
      "picture": null
    },
    {
      "room_name": "Hidden Vault",
      "room_number": "5",
      "description": "A secret vault behind the red house, filled with ancient relics.",
      "N": "0", "S": "0", "E": "0", "W": "4",
      "puzzle": null,
      "monster": null,
      "items": "Gold Chalice",
      "fixtures": "Locked Chest",
      "picture": null
    }
  ],
  "items": [
    {
      "name": "Torch",
      "weight": "2",
      "max_uses": "3",
      "uses_remaining": "3",
      "value": "10",
      "when_used": "The torch lights up the dark tunnel.",
      "description": "A simple wooden torch wrapped with cloth.",
      "picture": null
    },
    {
      "name": "Knife",
      "weight": "1",
      "max_uses": "10",
      "uses_remaining": "10",
      "value": "5",
      "when_used": "The knife cuts through thick vines.",
      "description": "A sharp, slightly rusted knife.",
      "picture": null
    },
    {
      "name": "Ancient Key",
      "weight": "1",
      "max_uses": "1",
      "uses_remaining": "1",
      "value": "15",
      "when_used": "The key fits perfectly in the stone door lock.",
      "description": "A heavy iron key with strange engravings.",
      "picture": null
    },
    {
      "name": "Gold Chalice",
      "weight": "3",
      "max_uses": "0",
      "uses_remaining": "0",
      "value": "50",
      "when_used": "It glimmers brightly.",
      "description": "A beautiful golden chalice from ancient times.",
      "picture": null
    }
  ],
  "puzzles": [
    {
      "name": "Rune Lock",
      "active": "true",
      "affects_target": "true",
      "affects_player": "false",
      "solution": "Torch",
      "value": "20",
      "description": "A glowing rune on the wall. It looks like it needs to be illuminated.",
      "effects": "The rune pulses and the wall slides open.",
      "target": "2:Tunnel of Shadows",
      "picture": null
    },
    {
      "name": "Stone Door Puzzle",
      "active": "true",
      "affects_target": "true",
      "affects_player": "false",
      "solution": "Ancient Key",
      "value": "30",
      "description": "A stone door with a rusty lock. It seems stuck.",
      "effects": "The door creaks open, revealing the hidden vault.",
      "target": "4:Red House",
      "picture": null
    }
  ],
  "monsters": [
    {
      "name": "CaveStalker",
      "damage": "5",
      "can_attack": "true",
      "attack": "The CaveStalker pounces on you from the shadows!",
      "description": "A dark, slithering creature with glowing eyes.",
      "picture": null
    },
    {
      "name": "BloodEagle",
      "damage": "15",
      "can_attack": "true",
      "attack": "BloodEagle screeches and dives at you with razor-sharp talons!",
      "description": "A monstrous bird with blood-red feathers and a fierce cry.",
      "picture": null
    }
  ]
}
